{
  "gpa": {
    "min": 2.0,
    "max": 4.0,
    "values": [
      -1.7874327510106833,
      -1.784949646632953,
      -1.7776368586213465,
      -1.7656991712628438,
      -1.7493413688444261,
      -1.728768235653074,
      -1.704184555975768,
      -1.6757951140994891,
      -1.6438046943112183,
      -1.6084180808979356,
      -1.5698400581466219,
      -1.5282754103442582,
      -1.4839289217778249,
      -1.4370083872482446,
      -1.3877908433771053,
      -1.3366225686066597,
      -1.2838528518931027,
      -1.2298309821926285,
      -1.1749062484614328,
      -1.1194279396557092,
      -1.0637453447316525,
      -1.008207752645458,
      -0.9531644523533205,
      -0.8989647328114341,
      -0.8459578829759941,
      -0.794493191803195,
      -0.7448331350953634,
      -0.6968929360393545,
      -0.6505010046681563,
      -0.6054857510147555,
      -0.5616755851121396,
      -0.5188989169932956,
      -0.47698415669121097,
      -0.4357597142388736,
      -0.3950539996692697,
      -0.35469542301538715,
      -0.31451239431021394,
      -0.274333323586736,
      -0.2339916703835061,
      -0.19343703286706115,
      -0.1527351478319232,
      -0.11195680157817889,
      -0.07117278040591657,
      -0.0304538706152222,
      0.010129141493818272,
      0.05050546962111735,
      0.09060432746658753,
      0.13035492873014287,
      0.16968648711169565,
      0.2085282163111597,
      0.24680933002844752
    ]
  },
  "mcat": {
    "min": 486,
    "max": 528,
    "values": [
      -2.559190940701853,
      -2.4348694112795912,
      -2.3136063863932432,
      -2.1952917175630478,
      -2.0798152563092436,
      -1.9670668541520695,
      -1.856936362611764,
      -1.7493136332085664,
      -1.6440885174627147,
      -1.5411508668944482,
      -1.4403905330240052,
      -1.3416959043263046,
      -1.244921719233895,
      -1.1498890661369563,
      -1.0564175703803484,
      -0.9643268573089301,
      -0.8734365522675616,
      -0.7835662806011015,
      -0.6945356676544101,
      -0.6061643387723459,
      -0.5182719192997691,
      -0.43067803458153975,
      -0.3432753218075102,
      -0.2562484655475137,
      -0.16985516221637909,
      -0.08435310822893172,
      0.0,
      0.08294646605558986,
      0.164228593523009,
      0.24358868598743078,
      0.320769047034029,
      0.3955119802479752,
      0.4675866652666629,
      0.5373804309285748,
      0.605898755273282,
      0.6741739923925736,
      0.7432384963782432,
      0.8141246213220805,
      0.8878647213158786,
      0.965491150451427,
      1.0480362628205198,
      1.1365324125149456,
      1.2320119536264973
    ]
  },
  "globalIntercept": 0.6478642580403837
}