{
  "version": "1.0.0",
  "calibratedAt": "2026-01-12",
  "description": "GPA and MCAT to competitiveness splines, calibrated to A-23",
  "gpaSpline": {
    "coefficients": [
      4.715826531276538e-09,
      0.2622118803096343,
      0.779984122589205,
      0.4844454321461407,
      0.3493622640165008,
      0.15823837726182344
    ],
    "intercept": -1.7874327510106833,
    "n_basis": 6,
    "degree": 3,
    "x_min": 2.0,
    "x_max": 4.0,
    "knots": [
      2.0,
      2.0,
      2.0,
      2.0,
      2.5,
      3.0,
      3.5,
      4.0,
      4.0,
      4.0,
      4.0
    ],
    "globalIntercept": 0.6478642580403837
  },
  "mcatSpline": {
    "coefficients": [
      0.4406062424754868,
      0.7647644866249155,
      0.9253133688428233,
      0.9122862179053515,
      0.40062883650228326,
      0.34760374197749005
    ],
    "intercept": -2.559190940701853,
    "n_basis": 6,
    "degree": 3,
    "x_min": 486.0,
    "x_max": 528.0,
    "knots": [
      486.0,
      486.0,
      486.0,
      486.0,
      496.5,
      507.0,
      517.5,
      528.0,
      528.0,
      528.0,
      528.0
    ]
  },
  "calibration": {
    "rmse": 0.006781563687703643,
    "r2": 0.9990158397575415,
    "gpa_monotone": true,
    "mcat_monotone": true,
    "converged": true,
    "n_iterations": 16,
    "anchor_gpa": 3.75,
    "anchor_mcat": 512,
    "gpa_spline_r2": 0.9993565076785049,
    "mcat_spline_r2": 0.9998608647706361,
    "global_intercept": 0.6478642580403837
  }
}